INSERT INTO Seasons (season) VALUES ('2001-2002');
INSERT INTO Seasons (season) VALUES ('2009-2010');
INSERT INTO Seasons (season) VALUES ('2013-2014');
INSERT INTO Seasons (season) VALUES ('2014-2015');
INSERT INTO Seasons (season) VALUES ('2015-2016');
INSERT INTO Seasons (season) VALUES ('2016-2017');
INSERT INTO Seasons (season) VALUES ('2017-2018');
INSERT INTO Seasons (season) VALUES ('2018-2019');

INSERT INTO Positions (position) VALUES ('Left Winger');
INSERT INTO Positions (position) VALUES ('Right Winger');
INSERT INTO Positions (position) VALUES ('Attacking Midfield');
INSERT INTO Positions (position) VALUES ('Centre-Forward');
INSERT INTO Positions (position) VALUES ('Central Midfield');
INSERT INTO Positions (position) VALUES ('Centre-Back');

INSERT INTO Players (player, position) VALUES ('Neymar', 'Left Winger');
INSERT INTO Players (player, position) VALUES ('Kylian Mbapp?', 'Right Winger');
INSERT INTO Players (player, position) VALUES ('Philippe Coutinho', 'Attacking Midfield');
INSERT INTO Players (player, position) VALUES ('Cristiano Ronaldo', 'Centre-Forward');
INSERT INTO Players (player, position) VALUES ('Ousmane Demb?l?', 'Right Winger');
INSERT INTO Players (player, position) VALUES ('Paul Pogba', 'Central Midfield');
INSERT INTO Players (player, position) VALUES ('Gareth Bale', 'Right Winger');
INSERT INTO Players (player, position) VALUES ('Gonzalo Higua?n', 'Centre-Forward');
INSERT INTO Players (player, position) VALUES ('Romelu Lukaku', 'Centre-Forward');
INSERT INTO Players (player, position) VALUES ('Luis Su?rez', 'Centre-Forward');
INSERT INTO Players (player, position) VALUES ('Virgil van Dijk', 'Centre-Back');
INSERT INTO Players (player, position) VALUES ('Zin?dine Zidane', 'Attacking Midfield');
INSERT INTO Players (player, position) VALUES ('Kevin De Bruyne', 'Attacking Midfield');

INSERT INTO Player_info (player, age, market_value, season) VALUES ('Neymar', 25, 100000000, '2017-2018');
INSERT INTO Player_info (player, age, market_value, season) VALUES ('Kylian Mbapp?', 19, 120000000, '2018-2019');
INSERT INTO Player_info (player, age, market_value, season) VALUES ('Philippe Coutinho', 25, 90000000, '2017-2018');
INSERT INTO Player_info (player, age, market_value, season) VALUES ('Cristiano Ronaldo', 33, 100000000, '2018-2019');
INSERT INTO Player_info (player, age, market_value, season) VALUES ('Ousmane Demb?l?', 20, 33000000, '2017-2018');
INSERT INTO Player_info (player, age, market_value, season) VALUES ('Paul Pogba', 23, 70000000, '2016-2017');
INSERT INTO Player_info (player, age, market_value, season) VALUES ('Gareth Bale', 24, 65000000, '2013-2014');
INSERT INTO Player_info (player, age, market_value, season) VALUES ('Cristiano Ronaldo', 24, 60000000, '2009-2010');
INSERT INTO Player_info (player, age, market_value, season) VALUES ('Gonzalo Higua?n', 28, 65000000, '2016-2017');
INSERT INTO Player_info (player, age, market_value, season) VALUES ('Neymar', 21, 50000000, '2013-2014');
INSERT INTO Player_info (player, age, market_value, season) VALUES ('Romelu Lukaku', 24, 50000000, '2017-2018');
INSERT INTO Player_info (player, age, market_value, season) VALUES ('Luis Su?rez', 27, 52000000, '2014-2015');
INSERT INTO Player_info (player, age, market_value, season) VALUES ('Virgil van Dijk', 26, 30000000, '2017-2018');
INSERT INTO Player_info (player, age, market_value, season) VALUES ('Zin?dine Zidane', 29, NULL, '2001-2002');
INSERT INTO Player_info (player, age, market_value, season) VALUES ('Kevin De Bruyne', 24, 45000000, '2015-2016');

INSERT INTO Leagues (league) VALUES ('LaLiga');
INSERT INTO Leagues (league) VALUES ('Ligue 1');
INSERT INTO Leagues (league) VALUES ('Premier League');
INSERT INTO Leagues (league) VALUES ('Serie A');
INSERT INTO Leagues (league) VALUES ('1.Bundesliga');

INSERT INTO Teams (team, league) VALUES ('FC Barcelona', 'LaLiga');
INSERT INTO Teams (team, league) VALUES ('Paris SG', 'Ligue 1');
INSERT INTO Teams (team, league) VALUES ('Monaco', 'Ligue 1');
INSERT INTO Teams (team, league) VALUES ('Liverpool', 'Premier League');
INSERT INTO Teams (team, league) VALUES ('Real Madrid', 'LaLiga');
INSERT INTO Teams (team, league) VALUES ('Juventus', 'Serie A');
INSERT INTO Teams (team, league) VALUES ('Bor. Dortmund', '1.Bundesliga');
INSERT INTO Teams (team, league) VALUES ('Man Utd', 'Premier League');
INSERT INTO Teams (team, league) VALUES ('Spurs', 'Premier League');
INSERT INTO Teams (team, league) VALUES ('SSC Napoli', 'Serie A');
INSERT INTO Teams (team, league) VALUES ('Santos FC', 'Serie A');
INSERT INTO Teams (team, league) VALUES ('Everton', 'Premier League');
INSERT INTO Teams (team, league) VALUES ('Southampton', 'Premier League');
INSERT INTO Teams (team, league) VALUES ('VfL Wolfsburg', '1.Bundesliga');
INSERT INTO Teams (team, league) VALUES ('Man City', 'Premier League');

INSERT INTO Transfer (player, team_from, team_to, season, transfer_fee) VALUES ('Neymar', 'FC Barcelona', 'Paris SG', '2017-2018', 222000000);
INSERT INTO Transfer (player, team_from, team_to, season, transfer_fee) VALUES ('Kylian Mbapp?', 'Monaco', 'Paris SG', '2018-2019', 135000000);
INSERT INTO Transfer (player, team_from, team_to, season, transfer_fee) VALUES ('Philippe Coutinho', 'Liverpool', 'FC Barcelona', '2017-2018', 125000000);
INSERT INTO Transfer (player, team_from, team_to, season, transfer_fee) VALUES ('Cristiano Ronaldo', 'Real Madrid', 'Juventus', '2018-2019', 117000000);
INSERT INTO Transfer (player, team_from, team_to, season, transfer_fee) VALUES ('Ousmane Demb?l?', 'Bor. Dortmund', 'FC Barcelona', '2017-2018', 115000000);
INSERT INTO Transfer (player, team_from, team_to, season, transfer_fee) VALUES ('Paul Pogba', 'Juventus', 'Man Utd', '2016-2017', 105000000);
INSERT INTO Transfer (player, team_from, team_to, season, transfer_fee) VALUES ('Gareth Bale', 'Spurs', 'Real Madrid', '2013-2014', 101000000);
INSERT INTO Transfer (player, team_from, team_to, season, transfer_fee) VALUES ('Cristiano Ronaldo', 'Man Utd', 'Real Madrid', '2009-2010', 94000000);
INSERT INTO Transfer (player, team_from, team_to, season, transfer_fee) VALUES ('Gonzalo Higua?n', 'SSC Napoli', 'Juventus', '2016-2017', 90000000);
INSERT INTO Transfer (player, team_from, team_to, season, transfer_fee) VALUES ('Neymar', 'Santos FC', 'FC Barcelona', '2013-2014', 88200000);
INSERT INTO Transfer (player, team_from, team_to, season, transfer_fee) VALUES ('Romelu Lukaku', 'Everton', 'Man Utd', '2017-2018', 84700000);
INSERT INTO Transfer (player, team_from, team_to, season, transfer_fee) VALUES ('Luis Su?rez', 'Liverpool', 'FC Barcelona', '2014-2015', 81720000);
INSERT INTO Transfer (player, team_from, team_to, season, transfer_fee) VALUES ('Virgil van Dijk', 'Southampton', 'Liverpool', '2017-2018', 78800000);
INSERT INTO Transfer (player, team_from, team_to, season, transfer_fee) VALUES ('Zin?dine Zidane', 'Juventus', 'Real Madrid', '2001-2002', 77500000);
INSERT INTO Transfer (player, team_from, team_to, season, transfer_fee) VALUES ('Kevin De Bruyne', 'VfL Wolfsburg', 'Man City', '2015-2016', 76000000);